{
	"id": "gear-slot",
	"title": "Gear Slot",
	"description": "A simple module created as a demo for working in the Foundry Virtual Tabletop framework.",
	"authors": [
		{
			"name": "Struggler"
		},
		{
			"name": "Kai"
		}
	],
	"version": "0.0.1",
	"compatibility": {
		"minimum": 10,
		"verified": 12
	},
	"socket": "true",
	"scripts": [
		"scripts/HelloWorld.js"
	],
	"manifest": "https://raw.githubusercontent.com/StrugglerXIV/gear-slot/main/module.json",
	"url": "https://github.com/StrugglerXIV/gear-slot",
	"download": "https://github.com/theripper93/Patrol/releases/download/0.6.2/module.zip",
	"readme": "https://github.com/StrugglerXIV/gear-slot/raw/main/README.md"
}