{
  "id": "gear-slot",
  "name": "gear-slot",
  "title": "Gear Slot - A First Attempt and Foundry Module Development",
  "description": "A simple module created as a demo for working in the Foundry Virtual Tabletop framework.",
  "authors": [
    {
      "name": "Kai & Struggler"
    }
  ],
  "version": "0.0.1",
  "compatibility": {
    "minimum": "12",
    "verified": "12"
  },
  "scripts": [
    "scripts/HelloWorld.js"
  ],
  "manifest": "https://github.com/StrugglerXIV/gear-slot/blob/main/module.json",
  "download": "https://github.com/StrugglerXIV/gear-slot/blob/main/gear-slot-v0.0.1.zip"
}